"524932019248463872","comment"
"524926357927903232","comment"
"524925775678816256","comment"
"524925553070329856","comment"
"524926310565814272","comment"
"524926071599534080","comment"
"524929224260714499","comment"
"524929840173309952","comment"
"525034956691869696","comment"
"525030166687670272","comment"
"525032614697385984","comment"
"525036486337757185","comment"
"525030173914431488","comment"
"524960359388823552","comment"
"524985774224048129","comment"
"524961643688890368","comment"
"524960004529737728","comment"
"524959988956291074","comment"
"524960274156371968","comment"
"524960862248132608","comment"
"524961297721749505","comment"
"524960034305114113","comment"
"524961861406838784","comment"
"524960144632070145","comment"
"524960960227078144","comment"
"524960933211168770","comment"
"524960409602650113","comment"
"524961093496885248","comment"
"524960097563590656","comment"
"524999801973506048","comment"
"524978844155912193","comment"
"524951904212615168","comment"
"524996856431251456","comment"
"524997490035404800","comment"
"524952081036496897","comment"
"524950833088458752","comment"
"524951832280707073","comment"
"524952544595177474","comment"
"524996329307906048","comment"
"524998424379523072","comment"
"524998076164214784","comment"
"524951432332451840","comment"
"524997088325955584","comment"
"524999012538408963","comment"
"524948450665050112","comment"
"524948710942588928","query"
"524949649065779201","comment"
"524948601831956480","comment"
"524950324604592128","comment"
"524979403403444224","comment"
"524977952505606144","comment"
"524950962373287936","comment"
"524996510132744192","comment"
"525031764155453441","query"
"525023033585827840","comment"
"524994741180846080","comment"
"524993786276220928","comment"
"524995135822905345","comment"
"524994366541398017","comment"
"525057571321688064","comment"
"525061525409525760","comment"
"525080429410664448","comment"
"525072231022333953","comment"
"525068703109758977","comment"
"525060851661668352","comment"
"525066880219115520","comment"
"525080746080620544","comment"
"525059328685133824","comment"
"525062334302412800","comment"
"525278489721966592","comment"
"525070441405095936","comment"
"525057102306222083","comment"
"525057584416292867","comment"
"525058435361292288","comment"
"525072407321927681","comment"
"525071940428771330","comment"
"525057624916520960","comment"
"525057109910495232","comment"
"525058373591367680","comment"
"525057081515061248","comment"
"524925154800181248","comment"
"524926568171577345","comment"
"524924021608284160","query"
"524932346961985536","comment"
"524925449068355584","comment"
"524924651080650752","comment"
"524925391266664448","comment"
"524924074087436289","comment"
"524925539996667904","comment"
"524956714303754240","comment"
"524956942926880768","comment"
"524950200281202688","comment"
"524950874767249408","comment"
"525053884029763585","comment"
"525061861398806528","comment"
"525063388934967298","comment"
"525081032824209408","comment"
"525052198586040321","comment"
"524926674417500160","comment"
"524926750506377216","comment"
"524937952820883456","query"
"524926344992686081","comment"
"524946118774620161","comment"
"524929568327888896","comment"
"524965532211351552","comment"
"524966130700791808","comment"
"524967669083414528","comment"
"524942146475163649","comment"
"524968348468412416","comment"
"524931933168746496","comment"
"524927826718638081","comment"
"524967144367591425","comment"
"524968082083958784","comment"
"524941965012795393","comment"
"524966555072094208","comment"
"524967132090888192","comment"
"524942844499619841","comment"
"524936956225282048","comment"
"524928498771972096","comment"
"524969935383326721","comment"
"524939504982167552","query"
"524965546379739136","comment"
"524970281379823616","comment"
"524966881573470208","comment"
"524934820124975106","comment"
"524971151693729792","comment"
"524971471501021184","comment"
"524970687803715584","comment"
"524928326566412289","comment"
"524931034329395200","query"
"524929656190148609","comment"
"524950880681201664","comment"
"524939756455477249","comment"
"524938376735379457","comment"
"524934434404192256","comment"
"524969635410870273","comment"
"524965141268692993","query"
"524947016238268416","comment"
"524965821337329666","comment"
"524966663251566594","comment"
"524948547750621184","comment"
"524942493050494976","comment"
"524941897266397184","comment"
"524936331605323776","comment"
"525007273832497154","comment"
"525008782842396672","comment"
"525007939569221632","comment"
"525008177683636224","comment"
"525009872640032768","comment"
"525009403658129408","comment"
"525009240772317184","comment"
"525008290863136768","comment"
"525007275308908544","comment"
"525009574256848897","comment"
"525007688405491712","comment"
"525010026143162368","comment"
"525009250213326848","comment"
"525009203187171329","comment"
"525006759807967232","comment"
"525009978047078400","comment"
"524944658992865280","comment"
"524946023165460480","comment"
"524946657755299840","comment"
"524933431793553408","comment"
"524941900223381504","comment"
"524962247563431936","comment"
"524962953695858689","comment"
"524940223160287232","query"
"524939588406878208","comment"
"524993526564929536","comment"
"524933486407602176","comment"
"524943005313409025","comment"
"524958146343624704","comment"
"524939106367721472","comment"
"524957372369108993","comment"
"524935670260047872","comment"
"524940370321629184","comment"
"524933274444238848","query"
"524933385010290688","comment"
"524934003892432896","comment"
"524960764503674880","comment"
"524945080613093376","comment"
"524959184928768002","comment"
"524996012847665152","comment"
"524970141189431296","comment"
"525522784748060672","comment"
"524959735091847168","comment"
"524933148380237825","comment"
"524994047451332608","comment"
"524933104742723584","comment"
"524990987308134400","comment"
"524934776940412929","comment"
"524936650087231488","comment"
"524958563312357376","comment"
"524996728811175936","comment"
"525882599294517248","comment"
"525070724403564544","comment"
"525834551239524353","comment"
"524932714940862464","comment"
"524932468437053440","query"
"524934352845938689","comment"
"524933622441476096","comment"
"524932994553769984","query"
"524977413038817280","comment"
"524975860185825281","comment"
"524976279150657536","comment"
"524976291905552385","comment"
"524977226820104192","comment"
"524976999929237505","comment"
"524976772535037952","comment"
"524977621281824770","comment"
"524976050481422336","comment"
"524976661058826240","comment"
"524977773958684673","comment"
"524976688275673088","comment"
"524975908432928768","comment"
"524976564405276672","comment"
"524976422377775104","comment"
"524978635498082305","comment"
"524978385660153856","comment"
"524977952640221184","comment"
"524977527362953218","comment"
"524976240051367937","comment"
"524964193813155841","comment"
"524961467431665664","comment"
"524960914450415617","comment"
"524952396259409920","comment"
"524956642454941696","comment"
"524961925239959552","query"
"524955418955902976","comment"
"524959514995724288","comment"
"524947899982290944","comment"
"524962300466569216","comment"
"524962753036185600","comment"
"524960036179968001","comment"
"524964141296259072","comment"
"524964503579262976","comment"
"524952460897828865","comment"
"524952276109373442","comment"
"524962626615664640","comment"
"524953683172524032","comment"
"524962623562186752","comment"
"524948114113703936","comment"
"524928143229190145","comment"
"524928355016396800","comment"
"524926985454518272","comment"
"525066315036237824","comment"
"525022123426086912","query"
"525404874796961794","query"
"525405160282288130","comment"
"525404621280641024","comment"
"525024672975716352","comment"
"525021185613238272","comment"
"525020856381362176","comment"
"525023827513069568","comment"
"525667513724862464","comment"
"525406690116894720","comment"
"525065680849481730","comment"
"525022127255482368","comment"
"525022456059547648","query"
"525024232095612928","comment"
"525020749019770881","comment"
"525408911105347584","comment"
"525022226668855296","query"
"525020934265393152","comment"
"525027654509293568","comment"
"525021824263151616","comment"
"525020978485940226","comment"
"525020543603703809","comment"
"525020363357683712","comment"
"525023449262333952","comment"
"525026201103265792","comment"
"525021127702106112","comment"
"525022239356645377","comment"
"525022674599555072","query"
"525022402217271296","comment"
"525020658972258305","query"
"525021049759752192","comment"
"524933566405562368","query"
"524941386231971841","comment"
"525049296794574850","comment"
"525025735338381313","comment"
"525024498999783424","comment"
"525031384029872128","comment"
"525032806288601088","comment"
"525046262467293184","comment"
"525028433106309121","comment"
"525023379481313281","comment"
"525024680613511169","comment"
"525025685820030976","comment"
"524969503499616256","comment"
"524973750710591490","comment"
"524973155014946816","comment"
"524970201503526912","comment"
"524971955381092353","comment"
"524971210275565568","comment"
"524974118614347776","comment"
"524970424246226945","comment"
"524974054957002752","query"
"524973904969093120","comment"
"524972933652185089","comment"
"524972964052103169","comment"
"525029545540612096","comment"
"524972859714981889","comment"
"524969798170869761","comment"
"524967686284255232","comment"
"525011846164938752","comment"
"524976005564215296","comment"
"524971348469510145","comment"
"524972665564835841","comment"
"524971397488336897","comment"
"524974420428075009","comment"
"524971249152577536","comment"
"524973072504606720","comment"
"524974795503726593","comment"
"524970031856488448","comment"
"524973940343840768","comment"
"524973649527193601","comment"
"524974938256457729","comment"
"524971522126270464","comment"
"524971804096737280","comment"
"524973597467901952","comment"
"524972948508409856","comment"
"524965523470434305","comment"
"524974290115244032","comment"
"524972433984323584","comment"
"524972276345622528","comment"
"524976953707999232","comment"
"524968014484365313","comment"
"524973817219653633","comment"
"524973312901132288","comment"
"524977054178353154","comment"
"524977699584897024","comment"
"524973370677690368","comment"
"524967855105007616","comment"
"524952198170836992","comment"
"524946767209459712","comment"
"524945376911314945","comment"
"524952535548063745","comment"
"524971261005660160","comment"
"524953373200891904","comment"
"524970090912313345","comment"
"524949253312217088","comment"
"524945130113863680","comment"
"524969433308340224","comment"
"524970408479850496","comment"
"524971624093982721","query"
"524953954111995904","comment"
"524946868887756801","comment"
"524948340057047040","comment"
"524972557116915712","comment"
"524951483872444416","comment"
"524948893633871872","query"
"524946532416884736","comment"
"524971862682767360","comment"
"524972452464824320","comment"
"524973084596375553","comment"
"524973750694182912","comment"
"524973778439528450","comment"
"524977026890211328","comment"
"525056723497660416","comment"
"524985119036411904","comment"
"524984000134520834","comment"
"524988215376510976","comment"
"524988101966303233","comment"
"524985542384320514","query"
"524984794480775168","comment"
"524985802502447105","comment"
"524983715832029184","comment"
"524984454365077505","comment"
"524984804161642497","comment"
"524985076250341376","comment"
"524949153424879617","comment"
"524951486338715648","comment"
"524949161830260736","query"
"524954646394445824","comment"
"524948444302286849","comment"
"524974129930592256","comment"
"524973362607845376","query"
"524948946360483840","comment"
"524974577081126912","comment"
"524961635136704512","comment"
"524962293499822080","comment"
"524949316134535169","comment"
"524949399286579201","comment"
"524975028124016640","comment"
"524978305272135681","comment"
"524976013047263232","comment"
"524974903683203072","comment"
"524983303599054850","comment"
"524971262071033857","comment"
"524976794198638592","comment"
"524990593895002112","comment"
"524976232266731520","comment"
"524975741306298368","comment"
"524972839078985728","comment"
"524979444881313792","comment"
"524986956409614336","comment"
"524971066943602688","comment"
"524971630678642688","comment"
"524970440285249536","comment"
"524989506509103105","comment"
"524971350881218560","comment"
"524970364771000320","comment"
"524975896432611328","comment"
"524986499411226624","comment"
"525005729938554882","comment"
"524972195978964993","comment"
"524974387125317633","comment"
"525015279387299840","comment"
"524962719980879872","comment"
"524953732480794624","comment"
"524954077072228352","comment"
"524959677827014656","comment"
"524953098201362432","comment"
"524981938038534147","comment"
"524923432933552128","comment"
"525020495759282176","comment"
"524935781643980800","comment"
"524935505755254786","comment"
"525000276894572546","comment"
"525017113618956290","comment"
"524938364743876608","comment"
"524938903762268160","comment"
"525023805572648960","comment"
"525000734992248832","comment"
"524924489058889728","comment"
"524996775049191424","comment"
"525018964364382209","comment"
"524943557657133056","comment"
"524940813089144833","comment"
"525003648104161281","comment"
"524929863333842944","comment"
"524935834941001728","comment"
"524996902832852992","comment"
"524941702046707712","comment"
"525016388457738241","comment"
"524964692423630849","comment"
"524935320786456578","comment"
"524927409100193792","comment"
"524943846711754752","comment"
"524943951472906240","comment"
"524998240262180865","comment"
"524938343180931073","comment"
"525014151161081856","comment"
"524998898117779456","comment"
"524999052367527937","comment"
"524923106289516546","comment"
"524943685264629760","comment"
"525003675685888000","comment"
"524938764616204290","comment"
"524949065469923328","comment"
"524982163456786432","comment"
"524981904131764224","query"
"525541364927574016","comment"
"524981780122972161","comment"
"524982686369472512","comment"
"525554047408160768","comment"
"524982445469622272","comment"
"524975119438200833","comment"
"524975009488330756","comment"
"524995006088896513","comment"
"524974351095832578","query"
"524990464970489856","comment"
"524996595021283328","comment"
"524989861087158272","comment"
"524995496944087040","comment"
"524974608286359552","comment"
"524995354539085826","comment"
"524996070972358656","comment"
"524938679958405120","comment"
"524930594464362496","comment"
"524933733246574592","comment"
"524930943971504129","comment"
"525032025238294528","comment"
"525025722466058240","comment"
"525027171321282560","comment"
"525027625329508352","comment"
"525037638898954240","comment"
"525026071457300480","comment"
"525026196451782656","comment"
"525026551411519488","comment"
"525031063178211330","comment"
"525029708384468994","comment"
"524941666411872256","comment"
"525100398718484481","comment"
"524966301085995008","comment"
"524943514686464000","comment"
"524943452786929664","comment"
"524971253388816385","comment"
"524937314708242432","comment"
"524937966615920640","comment"
"524949525644201985","comment"
"524937401597427712","comment"
"524937375865401344","comment"
"524937381024378880","comment"
"524937374841987072","comment"
"524937639989092352","comment"
"524937867685289984","comment"
"524950411950948352","comment"
"524941538111922178","comment"
"524937735518564352","comment"
"524950283244544002","comment"
"524939593196793856","comment"
"524937277081145345","comment"
"524937721383755776","comment"
"524938245017436160","comment"
"524940069942358016","comment"
"524965748268343296","comment"
"525178631208075264","comment"
"524965639677825024","comment"
"524962161026924544","comment"
"524965242691141632","comment"
"524968554131898368","comment"
"524964096886599681","query"
"524973909930569728","comment"
"524962305571033089","comment"
"524963431821377537","comment"
"524967988114755584","comment"
"524967314262081536","comment"
"524965802647519232","comment"
"524963597454438400","comment"
"524969490149560321","query"
"524962533472731137","comment"
"524962170166317056","comment"
"524962763362144256","comment"
"525244532929994752","comment"
"524974145583345665","comment"
"524963568534700032","comment"
"524966142654578688","comment"
"524962458864476161","comment"
"524975109023735808","comment"
"524963251181076481","comment"
"524962753099075584","query"
"524968425685516288","comment"
"524964642406535168","comment"
"524966291413561344","query"
"524958112629809152","comment"
"524956724311388161","comment"
"524956946605309952","comment"
"524957420003803136","comment"
"524962985995821057","comment"
"524957131930624000","comment"
"524959489225940993","comment"
"524962037617938432","comment"
"524956507230593026","comment"
"524965991072423936","comment"
"524956728027512832","comment"
"524964253418401792","comment"
"524961283523612673","comment"
"524957744319975425","comment"
"524963581599547392","comment"
"524965013291679744","comment"
"524965291000750080","comment"
"524957535925993472","comment"
"524976163391696896","comment"
"524957310024945665","comment"
"524957484336041984","comment"
"524960426132791296","comment"
"524979653027856385","comment"
"524961799641526273","comment"
"524960171345592321","comment"
"524959078229880832","comment"
"524960305466466304","comment"
"524960113732632576","comment"
"524960172914266112","comment"
"524956679025487872","comment"
"524967358528757761","comment"
"524957146656821249","comment"
"524938416086347776","comment"
"524936152902811648","comment"
"524936266517733376","comment"
"524936619879849985","comment"
"524937423420411904","comment"
"524935938284486656","query"
"524935836899766272","comment"
"524937953148403713","comment"
"524937325932212224","comment"
"524936372889853952","comment"
"524938564866682880","comment"
"524936215637000192","comment"
"524938104327905280","comment"
"524937651229822976","comment"
"524935708814086144","comment"
"524938851622854657","comment"
"525029987855122432","comment"
"525032985738084352","comment"
"525036532013727744","comment"
"525026519790284800","comment"
"525026654759182338","comment"
"525032961310482432","comment"
"525031054537936897","comment"
"525030036911689728","comment"
"525001263922937857","query"
"524990946497531905","comment"
"524982162270220288","comment"
"524991474480730112","comment"
"524983426072731648","comment"
"525043841490251776","comment"
"524981867876212736","comment"
"524983145394110464","query"
"524983036098924545","comment"
"524928439678427136","comment"
"524926598576099328","comment"
"524926744714047488","comment"
"524926131032850432","comment"
"524926297567293440","comment"
"525047771221737472","comment"
"524930715021213696","comment"
"525049327459504128","comment"
"524928009493827585","comment"
"525046502474137600","comment"
"524930977211355136","comment"
"524932703682969601","comment"
"525004768415322112","comment"
"524926749638131712","comment"
"525013445184602112","comment"
"525044903865511937","comment"
"524993716336197632","comment"
"524926108257775617","comment"
"524944501052145664","comment"
"524942091634614273","comment"
"524944812752252928","comment"
"524941972788633600","comment"
"524946060985532417","comment"
"524946564167397378","comment"
"524942600344571904","query"
"524958721479155713","comment"
"524956095841050624","comment"
"524942125553954816","comment"
"524942059657244673","comment"
"524956259624054784","comment"
"524943714029150209","comment"
"524956916305645568","comment"
"524957228327907328","comment"
"524945172321538048","comment"
"524955491965730818","comment"
"524942599866830849","comment"
"524945273358139392","comment"
"524946345271263234","comment"
"524944527111757825","comment"
"524942687427121153","comment"
"524942613934141440","comment"
"524943217947860992","comment"
"524945042574938113","comment"
"524943390816079872","comment"
"524942355175337984","comment"
"524953928320831489","query"
"524944194402795520","comment"
"525061831229210624","comment"
"525061828997820417","comment"
"525062454372757504","comment"
"525083549284966400","comment"
"525060679272001537","comment"
"525061628078067712","comment"
"525061045870551040","comment"
"525061437224648704","comment"
"525061709518888960","comment"
"525061994504671234","comment"
"525060901137702913","comment"
"525062273854078976","comment"
"525072756191547393","comment"
"525061909968478208","comment"
"525062377713455104","comment"
"525070492395261953","comment"
"525065014281908224","comment"
"525113495319502848","comment"
"525083768500264961","comment"
"524977090140315648","comment"
"524967761110650880","comment"
"524967134339022848","comment"
"524969813865545729","comment"
"524973660311154688","comment"
"524966987169292288","query"
"524930875482705920","comment"
"524926523317710848","query"
"524934870469197824","comment"
"524926236540555264","comment"
"524929751094665216","comment"
"524923588701614080","comment"
"524927906481721345","comment"
"524928263341481984","query"
"524926370502430720","comment"
"524925639170998272","comment"
"524943172875845632","comment"
"524938029920948224","comment"
"524943794702401536","comment"
"524944680971415552","comment"
"524943686032175104","comment"
"524944687053152256","comment"
"524945168277852160","comment"
"524992137260453888","comment"
"524993836050042880","comment"
"524992668301262848","comment"
"524993314207305729","comment"
"524993414056927232","comment"
"524993079603130368","comment"
"524991797630865408","comment"
"524991671218745344","comment"
"524991949917663232","comment"
"524933596113801218","comment"
"524927455715663872","comment"
"524935939077206016","comment"
"524928075981918209","comment"
"524934180548124672","comment"
"524935683908333569","comment"
"524929949258768384","comment"
"524941120636469248","comment"
"524937817924067328","comment"
"524926300990214144","comment"
"524925724499935232","comment"
"524928329468870657","comment"
"524925756087214082","comment"
"524940919494426624","comment"
"524931144476028928","comment"
"524926377481736192","comment"
"524926127174078464","comment"
"524924577424879616","comment"
"524945970065584128","comment"
"524925725317795840","comment"
"524925998538981376","comment"
"524923864007331840","comment"
"524925584191664128","comment"
"524935580996894720","comment"
"524925084163514369","comment"
"524934695520600066","comment"
"524926167569022977","comment"
"524925943597789184","comment"
"524933988050534400","comment"
"524926238243049473","comment"
"524926994497024000","comment"
"524926749508132864","comment"
"524923813931540480","comment"
"524924798993199105","query"
"524926214281383936","comment"
"524925268553904128","comment"
"524935076413734913","comment"
"524923725976965120","comment"
"524923810303057920","comment"
"524923941589364736","comment"
"524925023552020480","comment"
"524925487941160960","comment"
"524925154611441664","comment"
"524926393394933760","comment"
"524927041599447040","comment"
"524924867825913856","comment"
"525256528337854465","comment"
"524926050351185920","comment"
"525031846355435520","comment"
"524961388532228098","comment"
"524954368324288512","comment"
"524959930928070656","comment"
"524953204224962560","comment"
"524954979736379392","comment"
"524954362448449537","comment"
"524960241340141568","comment"
"524956203294941184","comment"
"524959159377080320","comment"
"524954074262011904","comment"
"524954461349752832","comment"
"525034103985684480","comment"
"525019382490361856","comment"
"524961842603388928","comment"
"524954878138155008","comment"
"525030741252767744","comment"
"524954684994629633","comment"
"524954311395405824","comment"
"525360304646266881","comment"
"524962958754205698","comment"
"524948091561324545","comment"
"524938264575508482","comment"
"524937115503566848","comment"
"524938640435068930","comment"
"524939219865972736","comment"
"524942228074926080","comment"
"524939768828686337","comment"
"524938161072242688","query"
"524967738926981121","comment"
"524937839960928256","comment"
"524940028108353536","comment"
"524944354465841152","comment"
"524944007848550400","comment"
"524946091444146177","comment"
"524937930184597504","comment"
"524960126084866048","comment"
"524944059844931585","comment"
"525062819411419136","comment"
"524951869664133120","comment"
"524952352470495233","comment"
"524930598733758465","comment"
"524929713014181890","comment"
"524931726699954178","comment"
"524930854335053824","comment"
"524929931634286592","comment"
"524930529637175296","comment"
"524930767810756608","comment"
"525030609757151232","comment"
"524930719077122048","comment"
"524951847472488448","comment"
"524930651964051456","query"
"524931961744142338","comment"
"524944416721862656","comment"
"524941892115783680","comment"
"525000464593858561","comment"
"525299114922496000","comment"
"525036307173879808","comment"
"525015793374101506","comment"
"525008964409638912","comment"
"525047302663442433","comment"
"529661510369284096","comment"
"529661727940431872","comment"
"529661317087768576","comment"
"529666750330449920","comment"
"529656160736251904","comment"
"529751327174586370","comment"
"529670625229422593","comment"
"529697018575585280","comment"
"529677185171607553","comment"
"529880720458911745","comment"
"529690572630798338","comment"
"529687957377413120","comment"
"529690952563433472","comment"
"529689606649020418","query"
"529689031571808256","comment"
"529715169942065152","support"
"529714660690644992","comment"
"529714853955399680","comment"
"529739950993203201","comment"
"529736871707152385","comment"
"529689790254698496","comment"
"529690091221180416","comment"
"529693591132983297","comment"
"529694204361203713","comment"
"529695331387461632","comment"
"529797259362177024","comment"
"529797166739378177","comment"
"529698240405729281","comment"
"529695704982491137","comment"
"529695587390980097","comment"
"529696619244306432","comment"
"529697981751373824","query"
"529696091638620160","comment"
"529696892851347458","query"
"529701086815592449","comment"
"529708506111549440","comment"
"529705003758665729","comment"
"529702311111983104","comment"
"529703489107423233","comment"
"529701933301653505","comment"
"529702566104678401","comment"
"529740822238232577","comment"
"529741502323621890","comment"
"529741574742507520","comment"
"529827763855704064","comment"
"529748991849013248","comment"
"529746860714758145","comment"
"529743000247992320","comment"
"529740809672077313","comment"
"529745508148203523","comment"
"529590746018754560","comment"
"529548830287876096","query"
"529542083405955072","comment"
"529550553773506560","comment"
"529546994520694784","comment"
"529550101925343233","comment"
"529657666843721729","comment"
"529542544573865985","comment"
"529547352907218944","comment"
"529660640575897600","comment"
"529661580649459712","comment"
"529541029910044672","comment"
"529658081840746496","comment"
"529574549340553216","comment"
"529655597114085376","query"
"529680820324560897","comment"
"529655944066912257","comment"
"529658952519540736","comment"
"529654399455727617","comment"
"529654334456598529","comment"
"529680436121702400","comment"
"529664081100562432","query"
"529655164828139522","comment"
"529671977662185473","comment"
"529722000076718082","comment"
"529722084600320001","query"
"529723119913951232","query"
"529721379302952961","comment"
"529722570460123136","query"
"529723719552618496","comment"
"529720506602516480","comment"
"529722617318899712","comment"
"529723695989002241","comment"
"529722739196985345","comment"
"529722212706971648","comment"
"529721493962641408","query"
"529720542925176832","comment"
"529721182468444160","comment"
"529723588413489152","comment"
"529721009172410369","comment"
"529723713701543938","comment"
"576327374628917248","comment"
"576435146632605696","comment"
"576348301940932608","comment"
"576323996028952576","comment"
"576324320735178752","query"
"576801654118428672","comment"
"576797334530580480","query"
"576798270518894592","comment"
"576800982471962624","comment"
"576801998739230720","comment"
"576798090155450368","comment"
"576809948425940992","comment"
"576807061830287360","comment"
"576809682947448832","comment"
"576846509632798720","query"
"576830686713217024","query"
"576847084579618816","comment"
"576830316372996096","comment"
"576893187962224640","comment"
"576848493337296896","comment"
"576833135326961664","comment"
"576278902185705472","comment"
"576279839205818368","comment"
"576281472778182656","comment"
"576336207203856385","comment"
"576339955598942208","comment"
"576341114610929664","comment"
"576336711376056320","comment"
"576321273594294272","comment"
"576342675290497024","comment"
"576321555384401920","comment"
"576330432750440448","comment"
"576327925869506560","comment"
"576324695420743680","comment"
"576757065089159169","comment"
"576756436321071104","comment"
"576756801045139457","comment"
"576755963597746176","comment"
"576758668026245120","query"
"576514586087714817","comment"
"576530311149932544","comment"
"576513717212442625","comment"
"576516280431337472","comment"
"576517854268403713","comment"
"576611747982897152","comment"
"576526712940310528","comment"
"576813964375523328","comment"
"576813541736517634","comment"
"577287160329465856","comment"
"577283431089901568","comment"
"577282462788677634","comment"
"577284294051123201","comment"
"577260238316830721","comment"
"544314008980172800","comment"
"544311486118887425","comment"
"544310836227895296","comment"
"544309297480364032","comment"
"544308940024971265","comment"
"544309550778957824","comment"
"544337321349230592","comment"
"544315486465716225","query"
"544309593916989440","comment"
"544309789660942337","comment"
"544311274545217536","comment"
"544314667795873792","comment"
"544324787934621697","comment"
"544351881284165632","comment"
"544308632997724160","comment"
"544310227722838017","comment"
"544482475410337793","comment"
"544341725830201344","comment"
"544370346342612992","comment"
"544343251717611520","comment"
"544350207119732737","comment"
"544343136559169537","comment"
"544370622928015361","comment"
"544372144298131456","comment"
"544371515551408128","comment"
"544345812478988288","comment"
"544370603772608512","comment"
"544342825799016448","comment"
"544338496249294848","comment"
"544347661663342593","comment"
"544365684382126082","comment"
"544337280694222848","query"
"544370082453811200","comment"
"544334602605563904","comment"
"544336733455020032","comment"
"544514838509006849","query"
"544513210490318848","comment"
"544516154145132544","comment"
"544527371252944898","comment"
"544514368105611264","query"
"544513540481355777","comment"
"544515366924591104","comment"
"544513157696589824","comment"
"544514139784478720","comment"
"544535480684265472","comment"
"544581202145857536","comment"
"544514154485534721","comment"
"544514138186448896","query"
"544513179058208769","comment"
"544293062776995840","comment"
"544292316253396993","comment"
"544298416571179008","comment"
"544292581950357504","comment"
"544298397034086400","comment"
"544296770420105216","comment"
"544292377897488384","comment"
"544295054723268608","comment"
"544297777266954240","comment"
"544292264403820544","comment"
"544298830494441473","query"
"544298065260466176","comment"
"544292970074087424","comment"
"544296994676965376","comment"
"544515072182063106","comment"
"544515757069975552","comment"
"544515461694889985","comment"
"544515558679805952","comment"
"544403327459790848","comment"
"544291376968790016","comment"
"544322700726906880","comment"
"544317955714994176","comment"
"544307069864538113","query"
"544306412562960386","comment"
"544317774495875072","comment"
"544307524770738176","comment"
"544315887491117058","comment"
"544315524646043650","comment"
"544306128805724160","comment"
"544306589252198400","comment"
"544333035370721280","comment"
"544310038613852160","comment"
"544327005471526912","comment"
"544307868540076033","support"
"544306003026538497","comment"
"544306274146713600","comment"
"544281249037418496","comment"
"544281192632053761","comment"
"544282085763346432","comment"
"544281098906521600","comment"
"544687372030709761","comment"
"544282314931707904","comment"
"544281086705299457","comment"
"544279390553530368","comment"
"544284533756284929","comment"
"544279768636465152","query"
"544282786039726080","comment"
"544393704560017410","comment"
"544282252302381056","comment"
"544280052175613952","comment"
"544281932406599681","comment"
"544285782639267840","comment"
"544300186554474497","comment"
"544280339720728576","comment"
"544297256036630528","comment"
"544299831054073856","comment"
"544295119051300864","comment"
"544292833042374656","comment"
"544292932216696832","comment"
"544293285670694912","comment"
"544290355068166146","comment"
"544292284259262464","comment"
"544297064679477248","comment"
"544291071833157632","support"
"544316370687913984","comment"
"544315537778413568","comment"
"544314805021331456","comment"
"544315385126727681","comment"
"544315302901608448","comment"
"544314781901918208","comment"
"544316287598358528","comment"
"544315413862301697","comment"
"544314961749880833","comment"
"544314448387645440","comment"
"544314799845154816","comment"
"544316055670493184","comment"
"544314872985423872","comment"
"544315679860473856","comment"
"544316112171581440","comment"
"544316435435376640","comment"
"544317958592688129","comment"
"544316432985899008","comment"
"544315985164263425","comment"
"544315030632538112","comment"
"544338192703717376","query"
"544328560689684480","comment"
"544301354034794496","comment"
"544306389544624129","comment"
"544293447717650432","comment"
"544294834216108032","comment"
"544333585847971841","comment"
"544292469866000387","comment"
"544301461845188608","comment"
"544275161982455808","comment"
"544279970483159040","comment"
"544275696433246208","comment"
"544349089890959360","comment"
"544351912599240704","comment"
"544349391264296961","comment"
"544335551361744896","comment"
"544497329920036865","comment"
"544333004928057345","comment"
"544346015013167104","comment"
"544349633334374400","comment"
"544329715558154241","comment"
"544345742664822784","comment"
"544333222801186816","comment"
"544334861021229056","comment"
"544349752834285568","comment"
"544345140727660544","comment"
"544329632565452801","comment"
"544347763853770752","comment"
"544330294275235842","comment"
"544346603520135168","comment"
"544340424996184066","comment"
"544351491851829249","comment"
"544330413607755776","comment"
"544349387741495296","comment"
"544335782454886400","comment"
"544330173395775488","comment"
"544345462564999169","comment"
"544329409159639040","comment"
"544409231110443008","comment"
"544349614393282561","comment"
"544330788201050113","comment"
"544329732561854464","comment"
"544332606280437760","comment"
"544333536086339584","comment"
"544336481192402945","comment"
"544336049330061315","comment"
"544344965443510273","comment"
"544330583363837953","comment"
"544392579932880897","comment"
"544395369967132672","comment"
"544399653332992000","comment"
"544394431520993280","comment"
"544279731911524352","comment"
"544280027714420736","comment"
"544279915076784129","comment"
"544279909796175873","comment"
"544279252028243968","comment"
"544279084939767808","comment"
"544278685759860736","comment"
"544278581585907713","query"
"544278855226122242","comment"
"544510767530524672","comment"
"544507804829351937","comment"
"544513184669769730","comment"
"544510279694823424","comment"
"544504969437540354","comment"
"544536420660961280","comment"
"544514420769296384","comment"
"544510576148238336","comment"
"544289449941557248","support"
"544292185722851329","support"
"544290635013189632","comment"
"544297324466282497","comment"
"544288822545354753","comment"
"544290393693904896","comment"
"544298040652099584","support"
"544291860425232384","comment"
"544299655660843009","comment"
"544288801926156289","support"
"544289312314228737","comment"
"544290348525449216","comment"
"544289696915136512","comment"
"544299161084895232","comment"
"544290755624198144","comment"
"544297924088582144","comment"
"544369484019281921","comment"
"544358949399851008","comment"
"544416567761838081","comment"
"544406663898624000","comment"
"544419885128744960","comment"
"544563846124285953","comment"
"544405974233387008","comment"
"544415646138630144","comment"
"544438671534202880","comment"
"544402353659838464","comment"
"544401782676680704","comment"
"544405226451922944","comment"
"544403899679899648","comment"
"544564201700614145","comment"
"544403346535501824","comment"
"544607293329780736","comment"
"544407042111205377","comment"
"544408627512360961","comment"
"544557233455910913","comment"
"544563172699426816","comment"
"544559045307142144","comment"
"544402104639827968","comment"
"544404955872763905","comment"
"544402102106464256","comment"
"544465538882084864","comment"
"544421956360368129","comment"
"544407267173351424","comment"
"544400873934188544","query"
"544416983224430592","comment"
"544402711337529344","comment"
"544400948840636416","comment"
"544419151973208064","query"
"544492317546393600","comment"
"544506524794908672","comment"
"544506659973136384","comment"
"544493109963661312","comment"
"544491585384505344","comment"
"544510385701662720","comment"
"544491587271544832","query"
"544493474612256768","comment"
"544273614229733377","comment"
"544304399456432128","comment"
"544272856528715776","comment"
"544272839889526784","comment"
"544292547955146752","comment"
"544272007013994496","query"
"544414074906222593","comment"
"544274483289157632","comment"
"544272511912136704","comment"
"544300575592939520","comment"
"544271964890611712","comment"
"544280324360781824","comment"
"544375077622407168","comment"
"544375195612758016","comment"
"544419593427488768","comment"
"544401892596408320","comment"
"544398446568820736","comment"
"544375392996302849","comment"
"544383497482539008","comment"
"544517684797267969","comment"
"544518038402252800","comment"
"544517542233268224","comment"
"544517911809761281","comment"
"544517659174240256","comment"
"544517398410166272","comment"
"544517442781716481","comment"
"544517506665172992","comment"
"544517545873530882","comment"
"544518182631768064","comment"
"544517553427865601","comment"
"544517721862725632","comment"
"544518122339049472","comment"
"544280076628414464","comment"
"544273878668050432","comment"
"544272987000541184","comment"
"544275868684935168","comment"
"544277459500556288","query"
"544273516397219841","comment"
"544275851559579648","comment"
"544333165612269569","comment"
"544277865299062784","comment"
"544272859846045696","comment"
"544275153266696193","comment"
"544559843898839040","comment"
"544324685446787073","comment"
"544324907400568832","comment"
"544325472906403841","query"
"544324801188605952","comment"
"544326145210994688","comment"
"544325226515808256","comment"
"544324734947577856","comment"
"544325421022457856","comment"
"544325665693376512","comment"
"544324739356188674","comment"
"544326091519700992","comment"
"544325077249302528","comment"
"544324609424625665","query"
"544326095630123008","comment"
"544354628775600128","comment"
"544325147411234817","comment"
"544325103693987840","comment"
"544338807038824449","query"
"544310719965970432","comment"
"544339122463453185","comment"
"544312149846151168","comment"
"544310642996301825","comment"
"544313221180833792","comment"
"544309563848003584","comment"
"544336231358664704","comment"
"544311985999867905","comment"
"544309667099181056","comment"
"544334599342784512","comment"
"544318148162244610","comment"
"544360294752190464","comment"
"544311680893583360","comment"
"544311849794023424","comment"
"544309574107693056","comment"
"544335029149900800","comment"
"544333302761402369","comment"
"544310817521696769","comment"
"544309589575864320","comment"
"544342454938243072","comment"
"544338052244840448","comment"
"544309882673844224","comment"
"544309904992108545","comment"
"544335993977847808","comment"
"544312916410114048","comment"
"544343843731034114","comment"
"544311269533437952","comment"
"544312720984915968","comment"
"544309653266386944","comment"
"544331613807849472","comment"
"544301911303012352","comment"
"544301643194716160","comment"
"544303740485128194","comment"
"544303487698210817","comment"
"544302181848195073","comment"
"544301863500541952","comment"
"544302363960684544","comment"
"544302117930799104","comment"
"544302024352092162","comment"
"544302134943297536","comment"
"544302335540084736","comment"
"544302536803745792","comment"
"544302129083846656","comment"
"544302387075100672","comment"
"544303978373070853","comment"
"544301918773075969","query"
"544452296550383616","comment"
"544452319904272385","comment"
"544452378217676800","comment"
"544363266244214784","comment"
"544452357107761152","comment"
"544417916796432384","comment"
"544362985162956800","comment"
"544452156422901761","comment"
"544452175754448896","comment"
"544358641772806144","comment"
"544358715659665408","comment"
"544452338619256834","comment"
"544452228632047616","comment"
"544452279441829888","comment"
"544452193089503232","comment"
"544377622600646657","query"
"544419950816161792","comment"
"544390494164615169","comment"
"544351255057813505","query"
"544352182401638401","comment"
"544351320174772224","comment"
"544513980195430400","comment"
"544514197665492994","comment"
"544463130550489088","comment"
"544473677069156352","comment"
"544761239641923584","comment"
"544469733488074752","comment"
"544468719624138752","comment"
"544764078594330625","comment"
"544759066950524928","comment"
"544486255921078272","comment"
"544763927595188224","comment"
"544761639031939072","comment"
"544466740332462080","comment"
"544471340887982081","comment"
"544472543197818881","comment"
"544763686858944512","comment"
"544762753890525184","comment"
"544763645146566656","comment"
"544465317229907968","comment"
"544757182521032704","comment"
"544469062323933184","comment"
"544764006368411648","comment"
"544470819057852416","comment"
"544762521974890496","comment"
"544470157670641664","comment"
"544482801392054272","comment"
"544470682331914240","comment"
"544480713454538753","comment"
"544771836672618496","comment"
"544472273608908800","comment"
"544473329822756864","comment"
"544764204071153664","comment"
"544764543369351169","comment"
"544470190768279553","comment"
"544599722577514496","comment"
"544321318011678720","comment"
"544319992096112641","comment"
"544320267107856384","comment"
"544320124069879809","query"
"544320606058340352","comment"
"544321596547424257","query"
"544320115647741952","comment"
"544320067190935553","comment"
"544320667018362880","comment"
"544320300402638848","comment"
"544320016582459393","query"
"544321159018590208","comment"
"544321686754316288","comment"
"544320880113762304","query"
"544320586689048576","comment"
"544321396328136704","comment"
"544323804399665152","comment"
"544320809276571650","comment"
"544405715981307904","comment"
"544485052198158336","query"
"544403194991099904","comment"
"544411279776313344","comment"
"544413294430547968","comment"
"544543993040601088","comment"
"544402000427769857","comment"
"544383566696566784","comment"
"544395872067272704","comment"
"544384689192984576","comment"
"544384650441797633","comment"
"544381686566227968","comment"
"544385904446435328","comment"
"544385799416848384","comment"
"544390173551652865","comment"
"544381404331900928","comment"
"544384149914533889","comment"
"544384226855227394","comment"
"544383207420866560","query"
"544385234016288768","comment"
"544381350694752256","comment"
"544385064100843520","comment"
"544392141036728321","comment"
"544395599345242113","comment"
"544397611172495360","comment"
"544382368304214016","comment"
"544384019857960961","comment"
"544303794746429440","comment"
"544293283225427968","comment"
"544292860057894913","comment"
"544293948790177794","comment"
"544292754344275968","comment"
"544294929300602880","comment"
"544517799335694336","comment"
"544539217725231105","comment"
"544527922837479425","comment"
"544540011581161472","comment"
"544537747436761088","comment"
"544516901297463296","query"
"544520773567008768","comment"
"544533656794976256","comment"
"544521204401729536","query"
"544522210388746240","comment"
"544517034554707968","comment"
"544529110266310656","query"
"544517449606234112","comment"
"544518539936555008","comment"
"544519105026719744","comment"
"544535075690663937","comment"
"544530369312477184","comment"
"544320911554265088","query"
"544321039476346881","comment"
"544319596719661056","comment"
"544321096221077505","comment"
"544320325639364608","comment"
"544321707436019712","comment"
"544321107017232384","comment"
"544322790329835521","comment"
"544321184993529856","comment"
"544324400766799873","comment"
"544319680194699264","comment"
"544323145608343553","comment"
"544321229360869376","comment"
"544523414330167296","comment"
"544513264705478657","comment"
"544515058013716481","comment"
"544514424476680193","comment"
"544514442491596800","comment"
"544513062901141504","comment"
"544522356354740224","comment"
"544513414023094272","comment"
"544521755289600001","comment"
"544513191934713857","comment"
"544514136915185664","comment"
"544522299693862912","comment"
"544514393372127232","comment"
"544525364857700352","comment"
"544524690262208513","comment"
"544512659618414594","support"
"544511468264488960","comment"
"544511608551002113","query"
"544510910963134464","support"
"544511221324472321","comment"
"544510896614412288","comment"
"544511027526660096","comment"
"544510638202966016","comment"
"544514588193325056","comment"
"544511082472415232","comment"
"544444834933903361","comment"
"544278027891646464","comment"
"544284034902528000","comment"
"544278126084517888","comment"
"544283032732332032","comment"
"544362143903010816","comment"
"544284578068713473","comment"
"544280329050005507","comment"
"544283762201083904","comment"
"544365478224101377","comment"
"544277779517165568","query"
"544272498238304256","comment"
"544272301416775680","comment"
"544272759657078785","comment"
"544277158747574272","comment"
"544280276914827264","comment"
"544273762921615360","comment"
"544276279860924418","comment"
"544279982336258049","comment"
"544273610311876608","comment"
"544270541725511680","comment"
"544273706545991681","comment"
"544274434765225985","comment"
"544382092528721920","comment"
"544382261097820160","comment"
"544382677449580544","comment"
"544386112672645120","comment"
"544386758662565888","comment"
"544385083574996992","comment"
"544384788527083521","comment"
"544381824525291521","comment"
"544385543342014464","comment"
"544385104663949313","comment"
"544382534264451072","comment"
"544382713302904832","comment"
"544297460936753152","comment"
"544287292538769409","comment"
"544293500398088192","comment"
"544288116199407616","query"
"544300933455548417","comment"
"544289223244013568","comment"
"544333770900242432","comment"
"544303259473571840","comment"
"544282429583003648","comment"
"544299767195779072","comment"
"544293212996001792","comment"
"544283669394120704","comment"
"544297184712085504","comment"
"544294946371403776","comment"
"544511670890934272","comment"
"544568884309659649","comment"
"544618563646918656","query"
"544515223689117697","comment"
"544544489558507522","comment"
"544540884952694784","comment"
"544309751887429632","comment"
"544317391405330432","query"
"544311947936538624","comment"
"544278513264513024","comment"
"544284471919652864","comment"
"544276495213268993","comment"
"544283765023846400","comment"
"544280949496619009","comment"
"544272691260178432","comment"
"544278051245551616","comment"
"544280600610603008","comment"
"544284756876472321","comment"
"544276206728671232","comment"
"544279162866122755","comment"
"544279546766180352","comment"
"544277466639257601","comment"
"544283418314690560","comment"
"544275000039972864","comment"
"544280000124694528","query"
"544275986171572224","comment"
"544368679425957890","comment"
"544371075304288256","comment"
"544371998390890496","comment"
"544371715770695680","comment"
"544371506261012480","comment"
"544369805298372608","comment"
"544369608392577024","comment"
"544369031214428160","comment"
"544368047956299777","comment"
"544370150359572480","comment"
"544368900797124608","comment"
"544272825268183041","comment"
"544275772416880640","comment"
"544273029765685248","comment"
"544276699157135360","comment"
"544279568233021440","comment"
"544271682358493184","comment"
"544274452381302784","comment"
"544272860194168833","comment"
"544299197336678400","comment"
"544313211474804736","comment"
"544299651005181953","comment"
"544298113696292864","comment"
"544298332005613569","comment"
"544660449669967872","comment"
"544313083783421953","comment"
"544298844737916928","comment"
"544299321811017729","query"
"544298252078559232","comment"
"544298946441392128","comment"
"544301597170233344","comment"
"544301353976467457","query"
"544297846233890816","comment"
"544331064379203587","comment"
"544300106212577280","support"
"544298894637940736","comment"
"544298655336136704","comment"
"544300001568911360","comment"
"544300652479127552","comment"
"544299543899435008","comment"
"544300909035937793","comment"
"544299940764479490","comment"
"544367820407332864","comment"
"544352796523651073","comment"
"544358922904420352","comment"
"544354603211710464","comment"
"544352859773755392","comment"
"544355621936439296","comment"
"544358798895636480","comment"
"544367318193930240","comment"
"544293230649810944","comment"
"544300122998194177","comment"
"544284949986439169","comment"
"544284225357504512","comment"
"544285415814225921","comment"
"544284069518147584","comment"
"544286041155571712","comment"
"544297005208846336","support"
"544308203044216832","comment"
"544308514811035650","comment"
"544284643605114880","comment"
"544284571626635266","comment"
"544284386993397761","support"
"544316754521239552","comment"
"544286226879381504","comment"
"544294036463710209","support"
"544286591515373569","comment"
"544288050810216448","comment"
"544287943175983104","support"
"544284536570662914","comment"
"544306299606151168","comment"
"544287983260549121","comment"
"544296446368169984","comment"
"544275715185995776","comment"
"544285405390983168","comment"
"544275191787175937","comment"
"544296176892116993","comment"
"544295872515686400","comment"
"544290366493446145","comment"
"544275371257233408","comment"
"544296344970465280","comment"
"544282661909323776","comment"
"544280989187321856","comment"
"544289309189107712","comment"
"544290890370777088","comment"
"544290947404943361","comment"
"544296135180169216","comment"
"544288286748205056","query"
"544287443407892480","comment"
"544278190936424449","comment"
"544277362368843777","comment"
"544288960642834432","comment"
"544278146397519872","comment"
"544275135809998850","comment"
"544282961118375936","comment"
"544320568888016896","comment"
"544286846780723200","comment"
"544289610869010434","comment"
"544295967638302720","comment"
"544279314808582145","comment"
"544277297172189184","comment"
"544277407411097600","query"
"544290571280338948","comment"
"544287503310528513","comment"
"544276498778423297","comment"
"544277161985585152","comment"
"544282274510811137","comment"
"544277631990898688","comment"
"544288694497071104","comment"
"544296840045535232","comment"
"544286181827952641","comment"
"544289493260701697","comment"
"544522331939274752","comment"
"544514837301043200","comment"
"544513541865095168","comment"
"544520601038098433","comment"
"544520850779549697","comment"
"544525858581401600","comment"
"544520507580628992","comment"
"544520381952835584","comment"
"544520698127872001","comment"
"544520377162952704","comment"
"544520421479956481","comment"
"544520432615821312","comment"
"544520373715222528","comment"
"544520944148963328","comment"
"544520444288589825","query"
"544601984800534528","comment"
"544520387761930240","comment"
"544520494062370816","comment"
"544521241848053761","comment"
"544521333682356224","comment"
"544520557803225088","comment"
"544351136518385664","query"
"544351106000625664","comment"
"544294742260215809","comment"
"544293997825777664","comment"
"544296936019611648","comment"
"544294802129707008","comment"
"544295402510761984","query"
"544395145529942016","comment"
"544306124124860416","comment"
"544294275723558912","comment"
"544298217421438976","comment"
"544294473292079104","comment"
"544295537181069312","query"
"544308374817370112","comment"
"544298982608879616","comment"
"544302823534784512","comment"
"544303369268260864","comment"
"544296218613256192","comment"
"544302553568010240","comment"
"544296014363246592","comment"
"544302143315128320","comment"
"544317437471391745","comment"
"544297864650706946","query"
"544302000343875585","comment"
"544303976163074048","comment"
"544297633636818944","comment"
"544297830853001216","comment"
"544303328293695489","comment"
"544324890547851264","comment"
"544297851950354432","comment"
"544297327402713088","comment"
"544300707608670208","query"
"544296384493789186","comment"
"544302061912092673","comment"
"544295899585732609","comment"
"544302060792184833","comment"
"544298394030968832","comment"
"544301711003615232","query"
"544297678771724288","comment"
"544312848282050561","comment"
"544480133466574848","comment"
"544485799149187072","comment"
"544483799174627329","query"
"544501573624545280","comment"
"544480456478314496","comment"
"544480465982611458","comment"
"544531648742973440","comment"
"544477669216505857","comment"
"544477652892262400","comment"
"544477705316880384","comment"
"544482468410044417","comment"
"544480395585392641","comment"
"544991347304714240","comment"
"544482919595511808","comment"
"544996807324213249","comment"
"544480107872915456","comment"
"545017860754792448","comment"
"544479970894946306","comment"
"544476993039785984","comment"
"544501395219808256","comment"
"544477183851630592","comment"
"544500025016197121","comment"
"544480379147542528","comment"
"544482249459388416","comment"
"544996195949871104","comment"
"544478273238212608","comment"
"544505605567041536","comment"
"544483162965807106","comment"
"544477084081733632","comment"
"544484075994509312","comment"
"544521244021112832","comment"
"544523668873687042","comment"
"544394398855729152","comment"
"544393459126521856","comment"
"544394097340207104","comment"
"544402752307462144","comment"
"544447280389312512","comment"
"544391380731441152","comment"
"544392471007227904","comment"
"544391552710508544","comment"
"544394302231568384","comment"
"544735353962127362","comment"
"544395137703350272","comment"
"544391556459790336","comment"
"544395913507004416","query"
"544391921506852865","comment"
"544401031136677888","comment"
"544391456140836864","comment"
"544398219917017089","comment"
"544395898907013120","comment"
"544391326712610817","comment"
"544400643130007552","comment"
"544452220432179200","comment"
"544292788498464768","comment"
"544291580958351360","comment"
"544290247710744576","comment"
"544290339339517952","query"
"544291886131736577","query"
"544289517436272640","comment"
"544291789008412673","comment"
"544294003361857537","comment"
"544316464719609856","comment"
"544407913125515264","comment"
"544281872503943168","comment"
"544277700534599681","comment"
"544276837099397120","comment"
"544285250109837312","comment"
"544286234114539520","comment"
"544280004860059648","query"
"544285237698506752","comment"
"544277244135235584","comment"
"544277148778127361","comment"
"544276436006498304","comment"
"544281145907482624","comment"
"544282640241950720","comment"
"544276038923329536","comment"
"544275486902603776","comment"
"544275255163125760","comment"
"544287064028491777","comment"
"544277275488055296","comment"
"544275673666580483","comment"
"544275667442204673","comment"
"544283072720805890","query"
"544274956675465218","comment"
"544275563204976640","comment"
"544278280543555584","comment"
"544280844060213248","comment"
"544276430021214208","comment"
"544277142964809728","comment"
"544276670782664704","comment"
"544276148163989504","comment"
"544305446618550272","comment"
"544275904831422464","comment"
"544534375577423872","comment"
"544292125102587904","comment"
"544292150411026432","comment"
"544534380614807552","comment"
"544308699981164545","comment"
"544326802877857792","comment"
"544301820865429506","comment"
"544302813615247360","comment"
"544299300260311040","comment"
"544295112545538048","comment"
"544282441091788801","comment"
"544282322779250688","comment"
"544284128615473152","comment"
"544282563603628032","comment"
"544284106436403200","comment"
"544282548197916672","comment"
"544284083757805568","comment"
"544283521842708480","comment"
"544284075721494528","comment"
"544282464462860288","comment"
"544283734044721152","comment"
"544283586111619072","comment"
"544519768850841600","comment"
"544537630218539010","comment"
"544518568633991170","comment"
"544518918912495616","comment"
"544520807074918400","comment"
"544520125936721920","comment"
"544519358232674305","comment"
"544520376722927616","comment"
"544519121405100033","comment"
"544519398543724544","comment"
"544519563308580864","comment"
"544313623448137729","comment"
"544482722295844864","comment"
"544320468892020736","query"
"544293426259189761","comment"
"544297280845541376","comment"
"544297640423587840","comment"
"544292184476758016","comment"
"544295739644342272","comment"
"544292863471677440","query"
"544293240669622272","comment"
"544292535565180928","comment"
"544294686437814272","comment"
"544292117527289856","comment"
"544294284015329280","comment"
"544292691928838144","comment"
"544293668513792000","comment"
"544295313456902144","comment"
"544293730455269376","comment"
"544294084295147520","comment"
"544292545690222592","comment"
"544294012262174720","comment"
"544293179537625088","comment"
"544293748377518080","comment"
"544293930087366657","comment"
"544293007391207425","comment"
"544292543723089920","comment"
"544313637318307840","comment"
"544315647182651392","comment"
"544355074672033792","comment"
"544322736806711296","comment"
"544323425993371649","comment"
"544350274308284416","comment"
"544328661806366721","comment"
"544320787436433409","comment"
"544322375144472576","comment"
"544350222194053120","comment"
"544312583746899970","comment"
"544322660529078273","comment"
"544311848615432194","comment"
"544323742004813824","comment"
"544350295770558465","comment"
"544323119138103296","comment"
"544314470793613313","comment"
"544312995544039426","comment"
"544318876255653888","comment"
"544334683090083840","comment"
"544331106581897216","query"
"544336896256512000","comment"
"544343890086469632","comment"
"544352643242409984","comment"
"544333288249118720","comment"
"544425098321874944","comment"
"544331336266579969","query"
"544425456351854592","comment"
"544331153994297344","comment"
"544333969970302977","comment"
"544349014255472640","comment"
"544375845402341377","comment"
"544346998975897600","support"
"544331663241908225","comment"
"544347670630785026","comment"
"544336079877595136","comment"
"544331611081162753","query"
"544347172024508417","query"
"544364150319611904","comment"
"544348196793630720","comment"
"544341977248956417","comment"
"544341897712377856","comment"
"544340392712208384","comment"
"544348620930433024","comment"
"544345218992963584","comment"
"544438433410592768","comment"
"544347250206310400","comment"
"544347216282791936","comment"
"544345414670249985","comment"
"544334594531524608","comment"
"544379605818159104","comment"
"544347846363738112","comment"
"544330821365014529","query"
"544330922288373760","query"
"544330596198019073","comment"
"544332284812218368","comment"
"544340358717382656","comment"
"544348100165263360","comment"
"544353280265293824","query"
"544330406397374465","comment"
"544341043764686849","comment"
"544330751991230465","comment"
"544347461976727552","comment"
"544341800719106049","comment"
"544421367945236480","comment"
"544343462829494272","comment"
"544348059501490177","comment"
"544341522213134336","comment"
"544350806300848129","comment"
"544346961097138176","comment"
"544345919575949312","comment"
"544372250430803969","comment"
"544342975044534272","comment"
"544331632086224898","comment"
"544331790253428738","comment"
"544349518532079616","comment"
"544347802428399616","comment"
"544347456238931968","comment"
"544337579143737344","comment"
"544342707242414080","comment"
"544339866050248704","comment"
"544350417623068672","comment"
"544332423563984897","comment"
"544366214105952256","comment"
"544331906469203968","comment"
"544342839111327744","comment"
"544350540717494272","comment"
"544342076112904193","comment"
"544330807964217345","comment"
"544347055754199040","comment"
"544347516930514945","comment"
"544344771796295680","comment"
"544364547574726656","comment"
"544330529529548801","comment"
"544348155752370177","comment"
"544353316998631424","comment"
"544349254706155520","comment"
"544348496728309760","comment"
"544346902439809024","comment"
"544330709918183425","comment"
"544347330166530049","comment"
"544330593228840961","comment"
"544339757195489281","comment"
"544342570151579650","comment"
"544354334348029952","comment"
"544351211403505666","comment"
"544346925118394368","comment"
"544339277749182464","comment"
"544337927132569601","comment"
"544332086937546752","comment"
"544347707981041664","comment"
"544336306437128192","comment"
"544337315124875264","comment"
"544348986484613120","comment"
"544331421494423552","comment"
"544344866285576193","comment"
"544347329416151040","comment"
"544334052526784512","comment"
"544331615812345856","query"
"544331338317565953","comment"
"544339466265972736","comment"
"544345616265261056","comment"
"544296634767929344","comment"
"544281262371119104","comment"
"544279824890871809","comment"
"544316325468725248","comment"
"544279139704782848","comment"
"544308681337106432","comment"
"544281375826665472","comment"
"544307827070615553","comment"
"544279451760996352","comment"
"544280441151574016","comment"
"544277353900154880","comment"
"544279000672387072","comment"
"544282348049956864","comment"
"544460273432530944","comment"
"544278016235302912","comment"
"544279344252596224","comment"
"544281387499413504","comment"
"544280357760024576","comment"
"544278198150647809","query"
"544277721186979840","comment"
"544280318870827008","comment"
"544306676619173889","comment"
"544311853409529856","comment"
"544281431917076480","comment"
"544306571350921216","comment"
"544277505293561858","comment"
"544277972597755904","comment"
"544277836891033600","comment"
"544310742086717441","comment"
"544518602469441537","comment"
"544515318626799616","comment"
"544516832137592832","comment"
"544515712640094209","comment"
"544516094133035008","comment"
"544515123726258176","query"
"544518358113480705","comment"
"544514752316051456","comment"
"544517033644556288","comment"
"544517360787263489","comment"
"544515072731914240","query"
"544515987832188928","comment"
"544515720726323201","comment"
"544514712961306625","comment"
"544517439439241217","comment"
